"Id","Path","Slice Name","Alias(s)","Label","Min","Max","Must Support?","Is Modifier?","Is Summary?","Type(s)","Short","Definition","Comments","Requirements","Default Value","Meaning When Missing","Fixed Value","Pattern","Example","Minimum Value","Maximum Value","Maximum Length","Binding Strength","Binding Description","Binding Value Set","Code","Slicing Discriminator","Slicing Description","Slicing Ordered","Slicing Rules","Base Path","Base Min","Base Max","Condition(s)","Constraint(s)","Mapping: RIM Mapping"
"MyLogicalModel","MyLogicalModel","","","",0,*,"","","","null {[]} {[]}
","MyLogicalModel","MyLogicalModel","","","","","","","","","",,,,,"",,,,"Base",0,*,"",""
"MyLogicalModel.identifier","MyLogicalModel.identifier","","","",0,*,"","","","Identifier {[]} {[]}
","Identifier","Identifier","","","","","","","","","",,,,,"",,,,"MyLogicalModel.identifier",0,*,"",""
"MyLogicalModel.nothing","MyLogicalModel.nothing","","","",0,0,"","","","string {[]} {[]}
","Nothing","Nothing","","","","","","","","","",,,,,"",,,,"MyLogicalModel.nothing",0,0,"",""
